Workbook

Sheet Import Errors
A1: NO | B1: Nama Karyawan | C1: NIK | D1: Jenis Cuti | E1: Jumlah Cuti | F1: Periode Dari | G1: Periode Sampai | H1: Sisa Cuti | I1: Catatan | J1: Error Message
B2: RIFKY AWALUL HUDA | C2: =IF(B3="","",IFERROR(VLOOKUP(B3,'Referensi Karyawan'!$A$2:$B$17,2,FALSE),"")) -> CLC-068 | D2: Cuti Tahunan | E2: 12 | F2: 46023 | G2: 46387 | H2: 12 | J2: NIK "[object Object]" tidak ditemukan di Data Master Karyawan.
C3: =IF(B4="","",IFERROR(VLOOKUP(B4,'Referensi Karyawan'!$A$2:$B$17,2,FALSE),"")) | J3: Nama Karyawan wajib dipilih.
C4: =IF(B5="","",IFERROR(VLOOKUP(B5,'Referensi Karyawan'!$A$2:$B$17,2,FALSE),"")) | J4: Nama Karyawan wajib dipilih.
C5: =IF(B6="","",IFERROR(VLOOKUP(B6,'Referensi Karyawan'!$A$2:$B$17,2,FALSE),"")) | J5: Nama Karyawan wajib dipilih.
C6: =IF(B7="","",IFERROR(VLOOKUP(B7,'Referensi Karyawan'!$A$2:$B$17,2,FALSE),"")) | J6: Nama Karyawan wajib dipilih.
C7: =IF(B8="","",IFERROR(VLOOKUP(B8,'Referensi Karyawan'!$A$2:$B$17,2,FALSE),"")) | J7: Nama Karyawan wajib dipilih.
C8: =IF(B9="","",IFERROR(VLOOKUP(B9,'Referensi Karyawan'!$A$2:$B$17,2,FALSE),"")) | J8: Nama Karyawan wajib dipilih.
C9: =IF(B10="","",IFERROR(VLOOKUP(B10,'Referensi Karyawan'!$A$2:$B$17,2,FALSE),"")) | J9: Nama Karyawan wajib dipilih.
C10: =IF(B11="","",IFERROR(VLOOKUP(B11,'Referensi Karyawan'!$A$2:$B$17,2,FALSE),"")) | J10: Nama Karyawan wajib dipilih.
C11: =IF(B12="","",IFERROR(VLOOKUP(B12,'Referensi Karyawan'!$A$2:$B$17,2,FALSE),"")) | J11: Nama Karyawan wajib dipilih.
C12: =IF(B13="","",IFERROR(VLOOKUP(B13,'Referensi Karyawan'!$A$2:$B$17,2,FALSE),"")) | J12: Nama Karyawan wajib dipilih.
C13: =IF(B14="","",IFERROR(VLOOKUP(B14,'Referensi Karyawan'!$A$2:$B$17,2,FALSE),"")) | J13: Nama Karyawan wajib dipilih.
C14: =IF(B15="","",IFERROR(VLOOKUP(B15,'Referensi Karyawan'!$A$2:$B$17,2,FALSE),"")) | J14: Nama Karyawan wajib dipilih.
... C501: =IF(B502="","",IFERROR(VLOOKUP(B502,'Referensi Karyawan'!$A$2:$B$17,2,FALSE),"")) | J501: Nama Karyawan wajib dipilih.
